No,和名,カテゴリー,学名
1,アカアシカツオドリ,絶滅危惧II類(VU),Sula sula rubripes
2,アカアシシギ,絶滅危惧IA類(CR),Tringa totanus ussuriensis
3,アカガシラカラスバト,絶滅危惧IA類(CR),Columba janthina nitens
4,アカコッコ,絶滅危惧IB類(EN),Turdus celaenops
5,アカハジロ,絶滅危惧IA類(CR),Aythya baeri
6,アカヒゲ,情報不足(DD),Larvivora komadori
7,アカモズ,絶滅危惧IA類(CR),Lanius cristatus superciliosus
8,アカヤマドリ,準絶滅危惧(NT),Syrmaticus soemmerringii soemmerringii
9,アオツラカツオドリ,絶滅危惧II類(VU),Sula dactylatra personata
10,アマサギ,絶滅危惧IB類(EN),Bubulcus ibis coromandus
11,アマツバメ,絶滅危惧II類(VU),Apus pacificus kurodae
12,アマミヤマシギ,準絶滅危惧(NT),Scolopax mira
13,アホウドリ,絶滅危惧II類(VU),Phoebastria albatrus
14,イイジマムシクイ,絶滅危惧IB類(EN),Phyllopus ijimae
15,イヌワシ,絶滅危惧IB類(EN),Aquila chrysaetos japonica
16,ウチヤマセンニュウ,絶滅危惧II類(VU),Locustella pleskei
17,ウミガラス,絶滅危惧IA類(CR),Uria aalge inornata
18,ウミスズメ,絶滅危惧IA類(CR),Synthliboramphus antiquus antiquus
19,ウミネコ,絶滅危惧II類(VU),Larus crassirostris
20,ウズラ,絶滅危惧II類(VU),Coturnix japonica
21,エゾライチョウ,準絶滅危惧(NT),Tetrastes bonasia vicinitas
22,エトピリカ,絶滅危惧IA類(CR),Fratercula cirrhata
23,エリグロアジサシ,絶滅危惧II類(VU),Sterna sumatrana sumatrana
24,オガサワラガビチョウ,絶滅(EX),Cichlopasser terrestris
25,オガサワラカラスバト,絶滅(EX),Columba versicolor
26,オガサワラカワラヒワ,絶滅危惧IA類(CR),Chloris kittlitzi
27,オガサワラノスリ,絶滅危惧IB類(EN),Buteo japonicus toyoshimai
28,オガサワラヒメミズナギドリ,絶滅危惧IA類(CR),Puffinus bryani
29,オガサワラマシコ,絶滅(EX),Carpodacus ferreorostris
30,オガサワラミズナギドリ,絶滅危惧IA類(CR),Puffinus bannermani
31,オオアジサシ,絶滅危惧IB類(EN),Thalasseus bergii cristatus
32,オオクイナ,絶滅危惧IB類(EN),Rallina eurizonoides sepiaria
33,オオセグロカモメ,絶滅危惧IB類(EN),Larus schistisagus
34,オオセッカ,絶滅危惧IB類(EN),Locustella pryeri pryeri
35,オオソリハシシギ,絶滅危惧II類(VU),Limosa lapponica baueri
36,オオタカ,準絶滅危惧(NT),Accipiter gentilis fujiyamae
37,オオトラツグミ,準絶滅危惧(NT),Zoothera dauma major
38,オオヒシクイ,準絶滅危惧(NT),Anser fabalis middendorffii
39,オオムシクイ,絶滅危惧IB類(EN),Phylloscopus examinandus
40,オオワシ,絶滅危惧II類(VU),Haliaeetus pelagicus
41,オオヨシゴイ,絶滅危惧IA類(CR),Ixobrychus eurhythmus
42,オジロワシ,絶滅危惧II類(VU),Haliaeetus albicilla albicilla
43,オナガ,準絶滅危惧(NT),Cyanopica cyanus japonica
44,オーストンアホウドリ,絶滅危惧IB類(EN),Hydrobates tristrami
45,オーストンオオアカゲラ,絶滅危惧II類(VU),Dendrocopos leucotos owstoni
46,オーストンヤマガラ,絶滅危惧IB類(EN),Sittiparus varius owstoni
47,オリイコゲラ,絶滅危惧IB類(EN),Yungipicus kizuki orii
48,オリイヤマガラ,絶滅危惧IB類(EN),Sittiparus olivaceus
49,オオジシギ,準絶滅危惧(NT),Gallinago hardwickii
50,カシラダカ,絶滅危惧IB類(EN),Emberiza rustica latifascia
51,カスミクイナ(ヒクイナ),準絶滅危惧(NT),Zapornia fusca erythrothorax
52,カラスバト,準絶滅危惧(NT),Columba janthina janthina
53,カリガネ,絶滅危惧IB類(EN),Anser erythropus
54,カラフトアオアシシギ,絶滅危惧IA類(CR),Tringa guttifer
55,カンムリウミスズメ,絶滅危惧II類(VU),Synthliboramphus wumizusume
56,カンムリツクシガモ,絶滅(EX),Tadorna cristata
57,カンムリワシ,絶滅危惧IA類(CR),Spilornis cheela perplexus
58,キタアマツバメ,準絶滅危惧(NT),Apus pacificus pacificus
59,キタタキ,絶滅(EX),Dryocopus javensis richardsi
60,キツツキ(ミユビゲラ),情報不足(DD),Picoides tridactylus inouyei
61,キョウジョシギ,準絶滅危惧(NT),Arenaria interpres interpres
62,キンクロハジロ,絶滅危惧II類(VU),Aythya fuligula
63,キンバト,情報不足(DD),Chalcophaps indica yamashinai
64,キンメフクロウ,情報不足(DD),Aegolius funereus sibiricus
65,クマタカ,絶滅危惧IB類(EN),Nisaetus nipalensis orientalis
66,クマゲラ,準絶滅危惧(NT),Dryocopus martius martius
67,クロアシアホウドリ,準絶滅危惧(NT),Phoebastria nigripes
68,クロウミツバメ,絶滅危惧II類(VU),Hydrobates matsudairae
69,クロコシジロウミツバメ,絶滅危惧IA類(CR),Hydrobates castro
70,クロツラヘラサギ,絶滅危惧II類(VU),Platalea minor
71,ケリ,情報不足(DD),Vanellus cinereus
72,ケイマフリ,絶滅危惧IB類(EN),Cepphus carbo
73,コアジサシ,絶滅危惧IB類(EN),Sternula albifrons sinensis
74,コアホウドリ,絶滅危惧IB類(EN),Phoebastria immutabilis
75,コサギ,絶滅危惧II類(VU),Egretta garzetta garzetta
76,コシジロウミツバメ,絶滅危惧IB類(EN),Hydrobates leucorhous leucorhous
77,コシジロヤマドリ,準絶滅危惧(NT),Syrmaticus soemmerringii ijimae
78,コシャクシギ,絶滅危惧IB類(EN),Numenius minutus
79,コジュリン,絶滅危惧IB類(EN),Emberiza yessoensis yessoensis
80,コクガン,絶滅危惧II類(VU),Branta bernicla nigricans
81,コトラツグミ,絶滅危惧IA類(CR),Zoothera dauma iriomotensis
82,コヨシキリ,準絶滅危惧(NT),Acrocephalus bistrigiceps
83,コウノトリ,絶滅危惧IB類(EN),Ciconia boyciana
84,ゴイサギ,絶滅危惧II類(VU),Nycticorax nycticorax nycticorax
85,サカツラガン,絶滅危惧IA類(CR),Anser cygnoid
86,ササゴイ,絶滅危惧II類(VU),Butorides striata amurensis
87,サシバ,絶滅危惧II類(VU),Butastur indicus
88,サンカノゴイ,絶滅危惧IA類(CR),Botaurus stellaris stellaris
89,シジュウカラガン,絶滅危惧II類(VU),Branta hutchinsii leucopareia
90,シマアオジ,絶滅危惧IA類(CR),Emberiza aureola ornata
91,シマクイナ,絶滅危惧IB類(EN),Coturnicops exquisitus
92,シマハヤブサ,絶滅(EX),Falco peregrinus furuitii
93,シマフクロウ,絶滅危惧IB類(EN),Ketupa blakistoni blakistoni
94,シロチドリ,絶滅危惧II類(VU),Charadrius alexandrinus nihonensis
95,シロハラミズナギドリ,絶滅危惧II類(VU),Pterodroma hypoleuca
96,ズグロカモメ,絶滅危惧II類(VU),Saundersilarus saundersi
97,ズグロミゾゴイ,絶滅危惧II類(VU),Gorsachius melanolophus melanolophus
98,スズガモ,準絶滅危惧(NT),Aythya marila nearctica
99,セイタカシギ,情報不足(DD),Himantopus himantopus
100,タイナ(ミユビゲラ),情報不足(DD),Picoides tridactylus inouyei
101,ダイトウカイツブリ,情報不足(DD),Tachybaptus ruficollis kunikyonis
102,ダイトウコノハズク,絶滅危惧IA類(CR),Otus elegans interpositus
103,ダイトウノスリ,絶滅(EX),Buteo japonicus oshiroi
104,ダイトウヒヨドリ,準絶滅危惧(NT),Hypsipetes amaurotis borodinonis
105,ダイトウメジロ,準絶滅危惧(NT),Zosterops japonicus daitoensis
106,ダイトウミソサザイ,絶滅(EX),Troglodytes troglodytes orii
107,ダイトウヤマガラ,絶滅(EX),Sittiparus varius orii
108,ダイトウウグイス,絶滅危惧IB類(EN),Horornis diphone restrictus
109,タカブシギ,絶滅危惧II類(VU),Tringa glareola
110,タマシギ,情報不足(DD),Rostratula benghalensis
111,タネコマドリ,絶滅危惧II類(VU),Larvivora akahige tanensis
112,タンチョウ,準絶滅危惧(NT),Grus japonensis
113,チゴモズ,絶滅危惧IB類(EN),Lanius tigrinus
114,チシマウガラス,絶滅危惧IA類(CR),Urile urile
115,チュウサギ,準絶滅危惧(NT),Ardea intermedia intermedia
116,チュウヒ,絶滅危惧IB類(EN),Circus spilonotus
117,ツクシガモ,情報不足(DD),Tadorna tadorna
118,ツバメチドリ,絶滅危惧II類(VU),Glareola maldivarum
119,ツルシギ,絶滅危惧IB類(EN),Tringa erythropus
120,トキ,絶滅危惧IB類(EN),Nipponia nippon
121,トウネン,準絶滅危惧(NT),Calidris ruficollis
122,トモエガモ,情報不足(DD),Sibirionetta formosa
123,ナベヅル,絶滅危惧II類(VU),Grus monacha
124,ナミエヤマガラ,絶滅危惧IB類(EN),Sittiparus varius namiyei
125,ノジコ,準絶滅危惧(NT),Emberiza sulphurata
126,ノグチゲラ,絶滅危惧IB類(EN),Dendrocopos noguchii
127,ハクガン,絶滅危惧II類(VU),Anser caerulescens caerulescens
128,ハシブトゴイ,絶滅(EX),Nycticorax caledonicus crassirostris
129,ハシブトヒヨドリ,絶滅危惧II類(VU),Hypsipetes amaurotis magnirostris
130,ハチクマ,情報不足(DD),Pernis ptilorhynchus orientalis
131,ハリオアマツバメ,絶滅危惧II類(VU),Hirundapus caudacutus caudacutus
132,ハヤブサ,準絶滅危惧(NT),Falco peregrinus japonensis
133,ハマシギ,絶滅危惧II類(VU),Calidris alpina
134,ハハジマメグロ,絶滅危惧II類(VU),Apalopteron familiare hahasima
135,ハイタカ,準絶滅危惧(NT),Accipiter nisus nisosimilis
136,バン,絶滅危惧II類(VU),Gallinula chloropus chloropus
137,ヒクロウミツバメ(ヒメクロウミツバメ),絶滅危惧II類(VU),Hydrobates monorhis
138,ヒシクイ,準絶滅危惧(NT),Anser fabalis serrirostris
139,ヒメクロウミツバメ,絶滅危惧II類(VU),Hydrobates monorhis
140,ヒメクイナ,情報不足(DD),Zapornia pusilla pusilla
141,ヒメウ,絶滅危惧IB類(EN),Urile pelagicus pelagicus
142,ビンズイ,準絶滅危惧(NT),Anthus hodgsoni hodgsoni
143,ブッポウソウ,絶滅危惧IB類(EN),Eurystomus orientalis cyanocollis
144,ベニアジサシ,絶滅危惧II類(VU),Sterna dougallii bangsi
145,ヘラサギ,絶滅危惧IB類(EN),Platalea leucorodia leucorodia
146,ヘラシギ,絶滅危惧IA類(CR),Calidris pygmaea
147,ホウロクシギ,絶滅危惧II類(VU),Numenius madagascariensis
148,ホシハジロ,準絶滅危惧(NT),Aythya ferina
149,ホントウアカヒゲ,絶滅危惧II類(VU),Larvivora namiyei
150,マキノセンニュウ,絶滅危惧II類(VU),Locustella lanceolata hendersonii
151,マダラウミスズメ,情報不足(DD),Brachyramphus perdix
152,マナヅル,絶滅危惧II類(VU),Antigone vipio
153,マミジロクイナ,絶滅(EX),Poliolimnas cinereus brevipes
154,ミサゴ(ヒメウなど重複確認用),絶滅危惧IB類(EN),Urile pelagicus pelagicus
155,ミゾゴイ,準絶滅危惧(NT),Gorsachius goisagi
156,ミヤコショウビン,絶滅(EX),Todiramphus miyakoensis
157,ミユビゲラ,情報不足(DD),Picoides tridactylus inouyei
158,ムコジマメグロ,絶滅(EX),Apalopteron familiare familiare
159,ムナグロ,絶滅危惧II類(VU),Pluvialis fulva
160,モスケミソサザイ,絶滅危惧IB類(EN),Troglodytes troglodytes mosukei
161,ヤイロチョウ,情報不足(DD),Pitta nympha
162,ヤンバルクイナ,絶滅危惧IA類(CR),Hypotaenidia okinawae
163,ヤマセミ,絶滅危惧II類(VU),Megaceryle lugubris lugubris
164,ヨナグニカラスバト,絶滅危惧IB類(EN),Columba janthina stejnegeri
165,ヨタカ,準絶滅危惧(NT),Caprimulgus jotaka jotaka
166,ヨシゴイ,情報不足(DD),Ixobrychus sinensis sinensis
167,リュウキュウカラスバト,絶滅(EX),Columba jouyi
168,リュウキュウキビタキ,絶滅危惧II類(VU),Ficedula owstoni
169,リュウキュウツミ,情報不足(DD),Accipiter gularis iwasakii
170,リュウキュウオオコノハズク,情報不足(DD),Otus semitorques pryeri
171,ライチョウ,絶滅危惧IB類(EN),Lagopus muta japonica
172,ワシミミズク,絶滅危惧IA類(CR),Bubo bubo borissowi
